Role	Absence Days	Absence detail	Absence Instances	Absence Type	Age	Area	Bradford Index	Ccy	Cost of termination	Country	Current Bonus	Current Employee	Current Salary	Customer Satisfaction	Date of birth	Department	Engagement index	Expenses	FTE	Full time/Part time/Contract	Gender	Grade	Healthcare costs	How recruited	id	Leave Date	parentid	Monthly cost Including payroll taxes	NI or Tax number	Other benefits	Other Unique Identifier	Payroll taxes	Pension	Performance Ranking	Personal Performance	Prior period performance ranking	Reason for leaving	Recruitment cost	Relocation costs	Role Start Date	Sales targets	Share based payments	Start Date	Successor	Team Engagement	Tenure Years	Total annual compensation	Total benefits	Total payroll cost	Training Cost	Training Day	Hours Worked Per Week	Revenue	Years to retirement	Email	Full Name	positiontitle	favourite_colour
CEO	8		5		42.18	Head Office	200	GBP		UK	208699	Y	408699	6.4	28/06/1970	Executive	07/01/1900	7500	1	Full time	Male	10	1500	Internal	1			63799	HA804326B	12500		85818	40870	8.2		8.2		0		19/03/1992		100000	15/02/2009	Yes	6.885	3.67	758086	54870	617398			40	138739		Reece.Harris@test.com	Reece Harris	Developer	String(node.Email).replace(/\s/g, "")
CFO	10		7		59.29	Head Office	490	GBP		UK	35317	Y	170634		23/05/1953	Executive	06/01/1900	3750	1	Full time	Female	9	2000	Head Hunter	2		1	21344	CH10056G	3000		28627	12798	2.6		2		45000		11/09/1994		50000	06/05/2008		7.55	4.45	252375	17798	205951			40	138739		Ava.Wilkins@test.com	Ava Wilkins	Developer	
Group Financial Controller	0		0		38.11	Head Office	#VALUE!	GBP		UK	22659	Y	122473	8	25/07/1974	Finance	08/01/1900	3946.09	1	Full time	Female	7	2500	Agency	4		2	14906	IG720732F	1000		20173	6124	8.7		6.525		13350		10/04/2001		0	17/05/2007	No	7.716666667	5.43	174929	9624	145132			40	138739		Molly.White@test.com	Molly White	Developer	
Financial Controller	6		3		60.49	Head Office	54	GBP		UK	295	Y	36769		13/03/1952	Finance	07/01/1900	0	1	Full time	Female	6	2500	Internal	7		4	3860	GE851018C	500		5152	1103	5.2		6.5		0		13/05/1998		0	09/08/2011		7.39	1.19	46319	4103	37064			40	138739		Sarah.Flynn@test.com	Sarah Flynn	Developer	
Finance Manager	8	Compassionate	6	Compassionate	57.64	Head Office	288	GBP	0	UK	9473	N	62894	5.3	18/01/1955	Finance	07/01/1900	17/02/1905	1	Full time	Female	6	1000	Advert	5	21/12/2010	7	7412	CD817384I	500		10059	3145	4.6		5.75	Career Development	500		27/01/2002		0	29/05/2009	No	7.455	1.56	87071	4645	72367			40	138739		Amber.Hutchinson@test.com	Amber Hutchinson	Developer	
Finance Assistant	3		1		36.93	Head Office	3	GBP		UK	0	Y	23161		27/09/1975	Finance	07/01/1900	0	1	Full time	Male	4	750	Advert	9		5	2299	AC193329C	0		3219	463	6.9		5.175		500		21/05/2003		0	15/07/2008			4.26	27594	1213	23161			40	138739		Jack.Little@test.com	Jack Little	Developer	
Finance Assistant	8		5		61.05	Head Office	200	GBP		UK	0	Y	26484		22/08/1951	Finance	07/01/1900	0	1	Full time	Female	4	750	Advert	10		5	2620	GA862051F	0		3681	530	9.9		10		500		09/05/1993		0	05/03/2010			2.62	31445	1280	26484			40	138739		Barbara.Gray@test.com	Barbara Gray	Developer	
Finance Assistant	9		5		36.9	Head Office	225	GBP	5000	UK	0	N	25765		08/10/1975	Finance	07/01/1900	00/01/1900	1	Full time	Male	4	2000	Advert	11	11/05/2010	5	2655	EG732477D	0		3581	515	6.7		7.37	Redundancy	500		03/07/1998		0	25/12/2008			1.38	31862	2515	25765			40	138739		Spencer.Sinclair@test.com	Spencer Sinclair	Developer	
Finance Assistant	0		0		36.97	Head Office	#VALUE!	GBP		UK	0	Y	22214		12/09/1975	Finance	07/01/1900	0	1	Full time	Female	4	1500	Advert	12		5	2270	EC836885I	0		3088	444	6.3		4.725		500		26/11/2004		0	02/12/2006			5.88	27246	1944	22214			40	138739		Frances.Bush@test.com	Frances Bush	Developer	
Sales Director	9	Stress	5	Sickness	60.7	Head Office	225	GBP		UK	26591	Y	212046		25/12/1951	Sales	06/01/1900	21301.25	1	Full time	Male	8	2000	Advert	58		1	26334	DJ241847A	5000		33171	15903	5.3		5.3		500		14/04/1998		50000	08/10/2006		7.092	6.03	294711	22903	238637			40	138739		Charles.Farias@test.com	Charles Farias	Developer	
Secretary	8	Other	4	Sickness	29.49	Head Office	128	GBP		UK	0	Y	33000		04/03/1983	Admin	06/01/1900	0	1	Full time	Female	2	1000	Advert	55		58	3216	IA808917H	0		4587	0	5		6.25		500		29/04/2006		0	06/10/2011			1.04	38587	1000	33000			40	138739		Libby.Lucas@test.com	Libby Lucas	Developer	
Sales manager	5		1		65.01	South	5	GBP		UK	78494	Y	110466	7.1	05/09/1947	Sales	05/01/1900	9000	1	Full time	Female	7	2000	Agency	59		58	19437	FG792294E	1500		26265	5523	4.4		3.3		15750		03/02/1997		0	11/05/2008	No	7.397	4.44	224249	9023	188960			40	97112		Chelsea.Walsh@test.com	Chelsea Walsh	Developer	
Secretary	7		4		32.3	Head Office	112	GBP		UK	0	Y	34000		13/05/1980	Admin	06/01/1900	0	1	Full time	Female	2	2000	Internal	56		59	3394	FD91303D	0		4726	0	6		6		0		29/07/2001		0	30/06/2011			1.3	40726	2000	34000			40	138739		Harriet.Humphries@test.com	Harriet Humphries	Developer	
Sales person	0		0		58.31	South	#VALUE!	GBP		UK	144692	Y	89646		18/05/1954	Sales	07/01/1900	9000	1	Full time	Male	6	2000	Agency	63		59	23392	IF814130F	1000		32573	1793	6		4.5		12600		09/03/2002		0	02/12/2010			1.88	271705	4793	234339			40	97112		Travis.Leong@test.com	Travis Leong	Developer	
Sales person	6		2		70.79	South	24	GBP		UK	83048	Y	85537		24/11/1941	Sales	06/01/1900	9000	1	Full time	Male	5	2000	Advert	64		59	17144	BC757894J	1000		23433	1711	5		5		500		21/01/2000		0	01/04/2010			2.55	196729	4711	168585			40	97112		Jason.Willis@test.com	Jason Willis	Developer	
Sales person	3	Upper limb	1	Sickness	55.79	South	3	GBP		UK	117861	Y	87857		20/11/1956	Sales	07/01/1900	11663.9	1	Full time	Male	4	2500	Advert	65		59	20936	CG86298B	1000		28595	1757	7.5		5.625		500		23/03/2000		0	29/12/2007			4.81	239570	5257	205718			40	97112		Charlie.Goodwin@test.com	Charlie Goodwin	Developer	
Sales person	0		0		63.39	South	#VALUE!	GBP		UK	73728	Y	84915		20/04/1949	Sales	08/01/1900	9000	1	Full time	Male	6	750	Advert	66		59	16095	BE46239I	1000		22051	1698	8.9		8.9		500		20/03/1991		0	22/03/2010			2.58	184142	3448	158643			40	97112		Declan.Reid@test.com	Declan Reid	Developer	
Sales person	0		0		30.98	South	#VALUE!	GBP		UK	73203	Y	84880		08/09/1981	Sales	08/01/1900	9000	1	Full time	Female	4	1500	Advert	67		59	16105	IB187557E	1000		21974	1698	7		7		500		25/07/2005		0	10/06/2007			5.36	184254	4198	158083			40	97112		Denise.Towner@test.com	Denise Towner	Developer	
Sales Assistant	6		3		28.49	South	54	GBP		UK	0	Y	54974		05/03/1984	Sales	07/01/1900	0	1	Full time	Female	3	1500	Agency	84		59	5343	HA709724B	0		7641	0	5		5		8550		14/10/2010		0	29/10/2007			4.98	64115	1500	54974			40	97112		Melba.Wilmore@test.com	Melba Wilmore	Developer	
Sales Assistant	5		3		69.94	South	45	GBP		UK	0	Y	57248		02/10/1942	Sales	07/01/1900	0	1	Full time	Male	4	1000	Agency	85		59	5517	HA54219D	0		7957	0	9		9		8700		02/10/1992		0	06/08/2010			2.2	66205	1000	57248			40	97112		Thomas.Miles@test.com	Thomas Miles	Developer	
Sales Assistant	8		5		30.33	South	200	GBP		UK	0	Y	56762		03/05/1982	Sales	06/01/1900	0	1	Full time	Male	3	1500	Internal	86		59	5513	GF359089B	0		7890	0	2		2.5		0		15/03/2008		0	02/02/2010			2.71	66152	1500	56762			40	97112		Jordan.Bell@test.com	Jordan Bell	Developer	
Sales Assistant	6	Injury	4	Sickness	32.12	South	96	GBP		UK	0	Y	50236		19/07/1980	Sales	07/01/1900	0	1	Full time	Male	5	500	Internal	87		59	4810	HH845926E	0		6983	0	7.7		5.775		0		14/02/2001		0	06/01/2010			2.78	57719	500	50236			40	97112		Ryan.Savage@test.com	Ryan Savage	Developer	
Sales manager	0		0		59.65	East	#VALUE!	GBP		UK	82404	Y	110987	7.9	11/01/1953	Sales	07/01/1900	9000	1	Full time	Female	7	750	Agency	60		58	19756	AF734742F	1500		26881	5549	7.8		6.956		15600		20/03/2006		0	24/01/2009	Yes	7.394444444	3.73	228072	7799	193391			40	126379		Hannah.Reid@test.com	Hannah Reid	Developer	
Sales person	10		5		32.44	East	250	GBP		UK	31065	Y	82071		24/03/1980	Sales	06/01/1900	9000	1	Full time	Female	5	1000	Agency	68		60	11792	FC639380I	1000		15726	1641	5		6.25		13200		31/05/2005		0	19/09/2009			3.08	132503	3641	113136			40	126379		Sarah.Cole@test.com	Sarah Cole	Developer	
Sales person	0		0		59.59	East	#VALUE!	GBP		UK	16607	Y	81107		03/02/1953	Sales	07/01/1900	9000	1	Full time	Male	6	750	Agency	69		60	10306	BF601572I	1000		13582	1622	6.3		6.3		12600		04/02/1992		0	10/06/2010			2.36	114669	3372	97714			40	126379		Cameron.Lane@test.com	Cameron Lane	Developer	
Sales person	8		4		62.62	East	128	GBP		UK	61910	Y	84127		23/01/1950	Sales	07/01/1900	9000	1	Full time	Male	7	750	Agency	70		60	14897	GC601780D	1000		20299	1683	5		3.75		13500		25/02/1997		0	10/11/2006			5.94	169769	3433	146037			40	126379		Archie.Rahman@test.com	Archie Rahman	Developer	
Sales person	6		4		59.9	East	96	GBP		UK	127448	Y	88497		15/10/1952	Sales	08/01/1900	9578.66	1	Full time	Female	5	1500	Internal	71		60	21651	IH243689B	1000		30016	1770	5		6.25		0		25/10/1990		0	25/01/2008			4.73	250230	4270	215944			40	126379		Rosa.Hall@test.com	Rosa Hall	Developer	
Sales person	0	Back pain	0	Sickness	61.1	East	#VALUE!	GBP		UK	56227	N	83748		04/08/1951	Sales	07/01/1900	9000	1	Full time	Female	4	1000	Internal	72	10/01/2012	60	14342	AH73250B	1000		19457	1675	6.6		8.25	Performance	0	5000	26/09/2003		0	08/08/2010			1.42	163107	3675	139976			40	126379		Danielle.Williams@test.com	Danielle Williams	Developer	
Sales Assistant	7		4		32.45	East	112	GBP		UK	0	Y	58987		19/03/1980	Sales	08/01/1900	0	1	Full time	Female	3	1500	Internal	88		60	5724	HG141542B	0		8199	0	6		7.5		0		23/03/2004		0	06/12/2007			4.87	68686	1500	58987			40	126379		Stephanie.Mercado@test.com	Stephanie Mercado	Developer	
Sales Assistant	0		0		58.48	East	#VALUE!	GBP		UK	0	Y	57640		14/03/1954	Sales	06/01/1900	0	0.8	Part time	Female	4	1500	Agency	89		60	5596	AH184053F	0		8012	0	7.2		5.4		8550		27/03/1999		0	24/06/2009			3.32	67152	1500	57640			25	126379		Samantha.McKenzie@test.com	Samantha McKenzie	Developer	
Sales Assistant	5	Other	1	Sickness	57.93	East	5	GBP		UK	0	Y	54955		03/10/1954	Sales	06/01/1900	0	1	Full time	Female	5	1500	Advert	90		60	5341	IC625787B	0		7639	0	5.8		5.8		500		24/10/1992		0	12/12/2006			5.85	64093	1500	54955			40	126379		Evie.Dickinson@test.com	Evie Dickinson	Developer	
Sales Assistant	0		0		55.76	East	#VALUE!	GBP		UK	0	Y	52183		04/12/1956	Sales	08/01/1900	0	1	Full time	Male	3	2000	Internal	101		60	5120	GF537373G	0		7253	0	7		7		0		11/07/1995		0	01/04/2011			1.55	61437	2000	52183			40	126379		Kyle.Yates@test.com	Kyle Yates	Developer	
Sales manager	5	Long-term treatment	4	Sickness	57.32	West	80	GBP		UK	55593	Y	107412	7.6	15/05/1955	Sales	08/01/1900	9000	1	Full time	Female	7	750	Agency	61		58	16857	CA644359A	1500		22658	5371	5		3.75		17550		18/10/1991		0	10/01/2011	No	7.586666667	1.77	193284	7621	163005			40	140785		Whitney.Kowalski@test.com	Whitney Kowalski	Developer	
Sales person	9		5		62.35	West	225	GBP		UK	102617	Y	86841		03/05/1950	Sales	06/01/1900	9000	1	Full time	Male	5	1500	Internal	73		61	19086	BB939680D	1000		26335	1737	6		4.5		0	0	01/08/1997		0	08/12/2010			1.86	220030	4237	189458			40	140785		Mohammed.Hilton@test.com	Mohammed Hilton	Developer	
Sales person	7		4		58.78	West	112	GBP		UK	23462	Y	81564		27/11/1953	Sales	07/01/1900	9000	1	Full time	Female	6	1500	Agency	74		61	11063	FF463089E	1000		14599	1631	4		4		12150		22/07/1998		0	15/06/2010			2.35	123756	4131	105026			40	140785		Sophia.Hopkins@test.com	Sophia Hopkins	Developer	
Sales person	0		0		29.08	West	#VALUE!	GBP		UK	54197	Y	83613		31/07/1983	Sales	08/01/1900	9000	1	Full time	Male	7	1500	Advert	75		61	14178	HJ974418C	1000		19156	1672	8.8		10		500		12/03/2007		0	23/06/2008			4.32	161138	4172	137810			40	140785		David.Jones@test.com	David Jones	Developer	
Sales person	6	Flu	4	Sickness	56.98	West	96	GBP		UK	124438	Y	88296		16/09/1955	Sales	07/01/1900	9627.07	1	Full time	Female	4	1500	Internal	76		61	21350	DH750588A	1000		29570	1766	5.7		7.125		0	0	30/03/1997		0	07/03/2008			4.62	246570	4266	212734			40	140785		Ana.Robinson@test.com	Ana Robinson	Developer	
Sales person	8		5		30.98	West	200	GBP		UK	101499	Y	86767		07/09/1981	Sales	08/01/1900	10107.52	1	Full time	Female	5	1000	Agency	77		61	19023	EH374877B	1000		26169	1735	9.8		9.8		12750		29/09/2002		0	29/06/2011			1.31	218170	3735	188265			40	140785		Wendy.Smith@test.com	Wendy Smith	Developer	
Sales person	5		2		55.22	West	20	GBP		UK	103711	Y	86914		17/06/1957	Sales	07/01/1900	11609.28	1	Full time	Male	6	1500	Agency	78		61	19414	GE855776B	1000		26497	1738	9.3		7.568		13350		10/10/2006		0	16/12/2008			3.84	221360	4238	190625			40	140785		Michael.Redmon@test.com	Michael Redmon	Developer	
Sales person	4		2		23.5	West	16	GBP		UK	50593	Y	83373		27/02/1989	Sales	06/01/1900	9306.09	1	Full time	Female	4	1500	Advert	79		61	13838	CB495965D	1000		18621	1667	6		6		500		07/09/2010		0	09/08/2010			2.19	156754	4167	133965			40	140785		Connie.Jameson@test.com	Connie Jameson	Developer	
Sales Assistant	7	Stress	5	Sickness	54.6	West	175	GBP		UK	0	N	53456		29/01/1958	Sales	07/01/1900	0	1	Full time	Male	3	750	Internal	91	11/09/2012	61	5136	DB32299B	0		7430	0	5		5	Performance	0	0	14/12/2000		0	27/07/2010			2.13	61637	750	53456			40	140785		Jake.Turner@test.com	Jake Turner	Developer	
Sales Assistant	0		0		26.47	West	#VALUE!	GBP		UK	0	Y	52612		10/03/1986	Sales	07/01/1900	0	1	Full time	Male	4	500	Agency	92		61	5035	AE697188J	0		7313	0	8.1		6.075		8250		24/10/2009		0	23/12/2010			1.82	60425	500	52612			40	140785		Steven.Bradford@test.com	Steven Bradford	Developer	
Sales Assistant	8	Stress	4	Sickness	22.79	West	128	GBP		UK	0	Y	57210		15/11/1989	Sales	07/01/1900	0	1	Full time	Male	3	2000	Agency	93		61	5597	FC934339C	0		7952	0	6		4.5		7650		10/08/2011		0	10/05/2009			3.44	67162	2000	57210			40	140785		Frank.Reeve@test.com	Frank Reeve	Developer	
Sales Assistant	8		4		23.3	West	128	GBP		UK	0	Y	55689		10/05/1989	Sales	08/01/1900	0	1	Full time	Female	4	1000	Advert	94		61	5369	HJ483005H	0		7741	0	4		4		500		15/06/2010		0	18/02/2008			4.67	64430	1000	55689			40	140785		Christine.Giddings@test.com	Christine Giddings	Developer	
Sales Assistant	8		3		57.33	West	72	GBP		UK	0	Y	54910		08/05/1955	Sales	07/01/1900	0	1	Full time	Male	4	750	Advert	95		61	5274	GG380359H	0		7632	0	2		2		500		26/06/1994		0	07/09/2011			1.12	63292	750	54910			40	140785		Billy.Brooks@test.com	Billy Brooks	Developer	
Sales manager	7	Stress	4	Sickness	30.53	North	112	GBP		UK	107138	Y	114285	7.2	20/02/1982	Sales	07/01/1900	9000	1	Full time	Female	7	2500	Agency	62		58	22576	AE484028I	1500		30778	5714	8.1		6.075		16350		31/03/2003		0	05/10/2008	Yes	6.844444444	4.04	261915	9714	221423			40	99506		Deborah.Evans@test.com	Deborah Evans	Developer	
Sales person	6	Stress	3	Sickness	29.1	North	54	GBP		UK	110492	Y	87366		26/07/1983	Sales	06/01/1900	9369.56	1	Full time	Male	6	2000	Advert	80		62	19956	BI909334J	1000		27502	1747	6.7		6.7		500		25/10/2010		0	09/02/2008			4.69	230108	4747	197858			40	99506		Luke.Hardy@test.com	Luke Hardy	Developer	
Sales person	4		1		34.52	North	4	GBP		UK	16725	Y	81115		22/02/1978	Sales	06/01/1900	9000	1	Full time	Male	7	1500	Advert	81		62	10380	IE838411E	1000		13600	1622	8.4		6.3		500		15/02/2011		0	13/12/2010			1.85	115562	4122	97840			40	99506		Robert.Sullivan@test.com	Robert Sullivan	Developer	
Sales person	5		2		26.18	North	20	GBP		UK	45555	Y	83037		26/06/1986	Sales	06/01/1900	9000	1	Full time	Female	4	2000	Advert	82		62	13344	HC666274J	1000		17874	1661	5.1		3.825		500		27/08/2008		0	21/04/2010			2.5	151127	4661	128592			40	99506		Bethany.Banks@test.com	Bethany Banks	Developer	
Sales person	6		4		30.54	North	96	GBP		UK	71288	Y	84753		14/02/1982	Sales	07/01/1900	11859.64	1	Full time	Male	5	750	Agency	83		62	16086	JH10945E	1000		21690	1695	9.6		10		12900		24/08/2002		0	27/08/2009			3.15	181175	3445	156041			40	99506		Tom.Cox@test.com	Tom Cox	Developer	
Sales Assistant	0		0		59.79	North	#VALUE!	GBP		UK	0	Y	59518		24/11/1952	Sales	07/01/1900	0	1	Full time	Male	3	1500	Advert	96		62	5774	IE85134H	0		8273	0	8.8		6.6		500		09/01/2006		0	04/03/2008			4.63	69291	1500	59518			40	99506		Bennie.Andrews@test.com	Bennie Andrews	Developer	
Sales Assistant	5		1		59.27	North	5	GBP		UK	0	Y	51468		30/05/1953	Sales	06/01/1900	0	1	Full time	Male	3	1500	Advert	97		62	5010	BH489464B	0		7154	0	7		7.7		500		06/05/2002		0	19/07/2007			5.25	60122	1500	51468			40	99506		Owen.Oliver@test.com	Owen Oliver	Developer	
Sales Assistant	0	Upper limb	0	Sickness	60.09	North	#VALUE!	GBP		UK	0	Y	57018		05/08/1952	Sales	06/01/1900	0	1	Full time	Female	4	750	Agency	98		62	5474	FG395060E	0		7926	0	5.9		7.307		8850		21/10/1999		0	09/06/2011			1.36	65694	750	57018			40	99506		Leslie.Webb@test.com	Leslie Webb	Developer	
Sales Assistant	7		5		59.93	North	175	GBP		UK	0	Y	54090		04/10/1952	Sales	07/01/1900	0	1	Full time	Male	3	2500	Agency	99		62	5342	ED667059E	0		7519	0	5.4		6.75		7950		16/01/1990		0	24/09/2010			2.07	64108	2500	54090			40	99506		Benjamin.Wall@test.com	Benjamin Wall	Developer	
Sales Assistant	0	Back pain	0	Sickness	26.19	North	#VALUE!	GBP		UK	0	Y	57719		20/06/1986	Sales	07/01/1900	0	1	Full time	Female	4	750	Agency	100		62	5541	HF861053G	0		8023	0	7		6.298		7950		08/06/2009		0	06/01/2008			4.79	66491	750	57719			40	99506		Audrey.Newton@test.com	Audrey Newton	Developer	
Head of Research	4	Upper limb	1	Sickness	47.65	Birmingham	4	GBP		UK	50742	Y	165445	7.6	08/01/1965	R&D	07/01/1900	18000	1	Full time	Male	9	1000	Agency	1234		1	23345	DE653159G	2500		30050	12408	7.5		9.375		22650		04/06/1998		60000	03/11/2010	No	6.966	1.96	262146	15908	216187			40	138845		James.Porter@test.com	James Porter	Developer	
Programme Manager	4		1		41.15	Birmingham	4	GBP		UK	21619	Y	112111	5.1	12/07/1971	R&D	06/01/1900	15000	1	Full time	Female	7	1000	Advert	1235		1234	14577	BE321165H	1000		18588	5606	5.2		5.2		500		30/06/2009		0	30/06/2012	No	6.62625	0.3	159924	7606	133730			40	138845		Isobel.Brennan@test.com	Isobel Brennan	Developer	
Programme Manager	7		4		65.18	Birmingham	112	GBP		UK	15723	Y	98353	8.2	04/07/1947	R&D	06/01/1900	15000	1	Full time	Male	7	1000	Agency	1237		1235	12654	FG190285E	1000		15856	4918	7.1		5.325		13500		07/04/1990		0	26/02/2008	Yes	6.905	4.65	136849	6918	114075			40	138845		Thomas.Gurrola@test.com	Thomas Gurrola	Developer	
Project Manager	0	Long-term treatment	0	Sickness	63.97	Birmingham	#VALUE!	GBP		UK	3500	Y	35000	5.3	20/09/1948	R&D	07/01/1900	19170.77	1	Full time	Female	6	750	Advert	1250		1237	5502	BE860305G	500		5352	1750	5.2		5.2		500		12/03/1995		0	12/06/2008	No	6.8275	4.35	46852	3000	38500			40	138845		Kate.Norris@test.com	Kate Norris	Developer	
Research Level 4	11		8		41.87	Birmingham	704	GBP		UK	7566	Y	65131		22/10/1970	R&D	05/01/1900	0	1	Full time	Female	5	2000	Agency	1273		1250	7230	IA845834F	0		10105	1954	2		2		4950		31/10/2008		0	07/08/2009			3.2	86755	3954	72697			40	138845		Susan.Thompson@test.com	Susan Thompson	Developer	
Research Level 1	7	Injury	4	Sickness	60.15	Birmingham	112	GBP		UK	0	Y	34748		15/07/1952	R&D	07/01/1900	0	1	Full time	Female	2	750	Agency	1296		1250	3419	ID728630B	0		4830	695	8.3		6.425		6600		05/08/1990		0	22/11/2006			5.91	41023	1445	34748			40	138845		Lucy.Ward@test.com	Lucy Ward	Developer	
Research Level 2	6	Back pain	4	Sickness	39.19	Birmingham	96	GBP		UK	3702	Y	47212		23/06/1973	R&D	08/01/1900	0	1	Full time	Male	3	750	Agency	1319		1250	4974	IC383859A	0		7077	944	8.9		6.675		7050		26/06/2009		0	21/02/2010			2.66	59685	1694	50914			40	138845		Danny.Lucas@test.com	Danny Lucas	Developer	
Research Level 4	8		4		47.42	Birmingham	128	GBP		UK	5177	Y	60354		02/04/1965	R&D	07/01/1900	0	1	Full time	Female	5	2000	Advert	1347		1250	6538	AG288334F	0		9109	1811	2.9		3.625		500		25/02/1993		0	22/10/2006			5.99	78450	3811	65531			40	138845		Susan.Zuniga@test.com	Susan Zuniga	Developer	
Research Level 3	12		5		46.58	Birmingham	300	GBP		UK	4154	Y	51156		03/02/1966	R&D	04/01/1900	0	1	Full time	Male	4	1000	Advert	1370		1250	5418	HG97648G	0		7688	1023	0.1		2		500		26/12/2010		0	20/04/2007			5.5	65022	2023	55311			40	138845		Dustin.Altamirano@test.com	Dustin Altamirano	Developer	
Research Level 2	5		1		45.13	Birmingham	5	GBP		UK	4527	Y	52161		18/07/1967	R&D	07/01/1900	0	1	Full time	Male	3	750	Advert	1393		1250	5530	ED463011I	0		7880	1043	4.9		6.125		500		30/03/2000		0	10/06/2007			5.36	66361	1793	56688			40	138845		Max.Knowles@test.com	Max Knowles	Developer	
Research Level 4	6		2		41.01	Birmingham	24	GBP		UK	9297	Y	68595		01/09/1971	R&D	06/01/1900	0	1	Full time	Male	5	1500	Advert	1416		1250	7690	BD432796G	0		10827	2058	0.6		2		500		21/04/2009		0	29/11/2007			4.89	92277	3558	77892			40	138845		Dominic.Wilkinson@test.com	Dominic Wilkinson	Developer	
Research Level 5	0	Upper limb	0	Sickness	64.68	Birmingham	#VALUE!	GBP		UK	22511	Y	77511		05/01/1948	R&D	06/01/1900	00/01/1900	1	Full time	Male	6	2000	Advert	1439		1250	9919	BG482851B	0		13903	3100	4.5		3.375		500		12/08/2005		0	16/02/2010			2.67	119026	5100	100023			40	138845		Robert.Benavides@test.com	Robert Benavides	Developer	
Project Manager	0		0		64.99	Birmingham	#VALUE!	GBP		UK	2613	Y	60227	6	12/09/1947	R&D	07/01/1900	12/04/1949	1	Full time	Male	6	2000	Advert	1251		1237	7924	IF632744C	500		8735	3011	8.5		6.375		500		24/01/2006		0	23/11/2007	No	6.82125	4.91	77087	5511	62840			40	138845		Connor.Morton@test.com	Connor Morton	Developer	
Research Level 5	7		3		44.43	Birmingham	63	GBP		UK	15419	Y	70419		31/03/1968	R&D	05/01/1900	0	1	Full time	Female	6	2000	Agency	1274		1251	8549	FI696542E	0		11931	2817	3.5		4.233		4950		29/12/2000		0	31/03/2009			3.55	102585	4817	85837			40	138845		Charlotte.Bowen@test.com	Charlotte Bowen	Developer	
Research Level 4	3		1		63.31	Birmingham	3	GBP		UK	8764	Y	67528		18/05/1949	R&D	07/01/1900	0	1	Full time	Male	5	1500	Agency	1297		1251	7535	AB754364I	0		10605	2026	5.2		5.2		7350		25/10/1994		0	17/07/2011			1.26	90423	3526	76293			40	138845		Raymond.Cain@test.com	Raymond Cain	Developer	
Research Level 5	7		5		63.92	Birmingham	175	GBP		UK	20199	Y	75199		09/10/1948	R&D	07/01/1900	0	1	Full time	Female	6	2500	Advert	1320		1251	9514	ID737811C	0		13260	3008	4.6		5.75		500		07/09/2007		0	21/11/2006			5.91	114166	5508	95398			40	138845		Ava.Henry@test.com	Ava Henry	Developer	
Research Level 3	8		3		44.78	Birmingham	72	GBP		UK	4596	N	54471		23/11/1967	R&D	06/01/1900	0	1	Full time	Male	4	1000	Advert	1348	03/02/2012	1251	5781	IB30610D	0		8210	1089	2.2		2.2	Performance	500		03/09/1989		0	30/06/2011			0.6	69367	2089	59067			40	138845		Michael.Mora@test.com	Michael Mora	Developer	
Research Level 3	5		2		39.75	Birmingham	20	GBP		UK	5246	Y	59345		03/12/1972	R&D	06/01/1900	0	1	Full time	Male	4	1000	Agency	1371		1251	6313	HF887461B	0		8978	1187	7.6		7.6		9000		03/04/1999		0	24/09/2009			3.07	75756	2187	64591			40	138845		Jordan.Brooks@test.com	Jordan Brooks	Developer	
Research Level 4	7		4		63.26	Birmingham	112	GBP		UK	8547	Y	67095		05/06/1949	R&D	07/01/1900	0	1	Full time	Male	5	1500	Internal	1394		1251	7472	EB861085C	0		10514	2013	4.5		4.5		0	0	12/06/1995		0	27/08/2007			5.15	89670	3513	75642			40	138845		Archie.Gallagher@test.com	Archie Gallagher	Developer	
Research Level 2	9		4		45.3	Birmingham	144	GBP		UK	2650	Y	40901		18/05/1967	R&D	05/01/1900	0	1	Full time	Female	3	750	Agency	1417		1251	4264	ID812781E	0		6054	818	6.2		4.65		10200		15/03/1992		0	24/03/2007			5.58	51172	1568	43551			40	138845		Mary.Ward@test.com	Mary Ward	Developer	
Research Level 1	8		3		38.22	Birmingham	72	GBP		UK	0	Y	32694		13/06/1974	R&D	06/01/1900	0	1	Full time	Male	2	750	Advert	1440		1251	3220	IG82222F	0		4545	654	5.2		3.9		500		13/01/1998		0	27/03/2009			3.56	38643	1404	32694			40	138845		John.Taylor@test.com	John Taylor	Developer	
Project Manager	10		5		64.61	Birmingham	250	GBP		UK	648	Y	56295	5.5	29/01/1948	R&D	05/01/1900	18000	1	Full time	Female	6	2000	Agency	1252		1237	7348	ED181044H	500		7915	2815	5.2		6.5		9300		20/05/2005		0	18/04/2007	No	7.08	5.51	70172	5315	56943			40	138845		Poppy.Burrows@test.com	Poppy Burrows	Developer	
Research Level 5	8		5		43.66	Birmingham	200	GBP		UK	10106	Y	65106		05/01/1969	R&D	06/01/1900	0	1	Full time	Male	6	2000	Internal	1275		1252	7522	HD396356H	0		10454	2604	4.3		3.225		0		25/02/1993		0	19/12/2008			3.83	90270	4604	75211			40	138845		Joseph.Valenza@test.com	Joseph Valenza	Developer	
Research Level 5	5		2		40.18	Birmingham	20	GBP		UK	11166	Y	66166		27/06/1972	R&D	07/01/1900	0	1	Full time	Female	6	2000	Advert	1298		1252	7727	GH439116C	0		10749	2647	7.9		6.237		500		26/12/1995		0	01/06/2011			1.38	92728	4647	77332			40	138845		Leah.Hutchinson@test.com	Leah Hutchinson	Developer	
Research Level 1	0		0		60.54	Birmingham	#VALUE!	GBP		UK	0	Y	33012		23/02/1952	R&D	07/01/1900	0	1	Full time	Male	2	750	Advert	1321		1252	3251	IG559149J	0		4589	660	6.9		5.175		500		20/03/1999		0	15/06/2007			5.35	39011	1410	33012			40	138845		Robert.Battle@test.com	Robert Battle	Developer	
Research Level 1	0		0		35.76	Birmingham	#VALUE!	GBP		UK	0	Y	30452		26/11/1976	R&D	06/01/1900	00/01/1900	1	Full time	Male	2	750	Advert	1349		1252	3004	HA682265G	0		4233	609	7.2		5.4		500		21/04/2005		0	06/03/2010			2.62	36044	1359	30452			40	138845		Leo.Stovall@test.com	Leo Stovall	Developer	
Research Level 3	5		2		62.66	Birmingham	20	GBP		UK	4975	Y	57314		11/01/1950	R&D	07/01/1900	0	1	Full time	Female	4	1500	Advert	1372		1252	6133	HC344225H	0		8658	1146	4.8		3.746		500		08/03/1996		0	11/06/2009			3.36	73594	2646	62290			40	138845		Courtney.Dean@test.com	Courtney Dean	Developer	
Research Level 5	0		0		64.52	Birmingham	#VALUE!	GBP		UK	16896	Y	71896		04/03/1948	R&D	07/01/1900	0	1	Full time	Female	6	2500	Internal	1395		1252	8876	FE845650D	0		12342	2876	6.9		6.9		0		07/07/2001		0	13/09/2009			3.1	106511	5376	88793			40	138845		Chloe.Nicholson@test.com	Chloe Nicholson	Developer	
Research Level 4	6		4		38.22	Birmingham	96	GBP		UK	7149	Y	64298		14/06/1974	R&D	06/01/1900	0	1	Full time	Male	5	1500	Agency	1418		1252	7067	BA605229A	0		9931	1929	5.2		3.926		11400		30/11/2003		0	09/02/2011			1.69	84807	3429	71447			40	138845		Sam.Alexander@test.com	Sam Alexander	Developer	
Research Level 3	5	Back pain	3	Sickness	41.6	Birmingham	45	GBP		UK	5783	Y	63372		26/01/1971	R&D	07/01/1900	0	1	Full time	Male	4	1500	Agency	1441		1252	6795	CG643854D	0		9613	1267	7.3		9.125		10500		17/10/1996		0	19/11/2007			4.92	81535	2767	69155			40	138845		Jamie.Marshall@test.com	Jamie Marshall	Developer	
Project Manager	5		2		49.16	Birmingham	20	GBP	9000	UK	6979	N	68959	6.4	07/07/1963	R&D	07/01/1900	17/09/1957	1	Full time	Male	6	1500	Agency	1253	20/11/2008	1237	9418	IC246348F	500		10555	3448	7.3		7.3	Redundancy	12300		14/09/1985		0	26/02/2008	Yes	7.2425	0.73	91941	5448	75938			40	138845		Harrison.Flynn@test.com	Harrison Flynn	Developer	
Research Level 1	7		4		42.3	Birmingham	112	GBP		UK	0	Y	28161		16/05/1970	R&D	07/01/1900	0	1	Full time	Female	2	750	Internal	1276		1253	2782	GC832232B	0		3914	563	5.6		5.6		0		13/10/1992		0	16/02/2007			5.67	33389	1313	28161			40	138845		Emma.Kirk@test.com	Emma Kirk	Developer	
Research Level 5	8		3		64.22	Birmingham	72	GBP		UK	11542	Y	66542		19/06/1948	R&D	05/01/1900	0	1	Full time	Female	6	2000	Advert	1299		1253	7800	GG684081J	0		10854	2662	4.5		3.375		500		08/06/1994		0	05/04/2010			2.54	93599	4662	78084			40	138845		Lily.Glover@test.com	Lily Glover	Developer	
Research Level 3	8		6		41.62	Birmingham	288	GBP		UK	4877	Y	56577		20/01/1971	R&D	07/01/1900	0	1	Full time	Male	4	1500	Advert	1322		1253	6052	BF530706E	0		8542	1132	5.5		4.125		500		15/07/2007		0	15/10/2008			4.01	72627	2632	61454			40	138845		Sanford.Woolf@test.com	Sanford Woolf	Developer	
Research Level 3	7		4		41.7	Birmingham	112	GBP		UK	5937	Y	64527		20/12/1970	R&D	07/01/1900	0	1	Full time	Male	4	1500	Agency	1350		1253	6921	BB26217B	0		9795	1291	6.1		6.1		7950		19/06/2010		0	26/02/2011			1.64	83050	2791	70464			40	138845		Evan.Connolly@test.com	Evan Connolly	Developer	
Research Level 4	0		0		46.24	Birmingham	#VALUE!	GBP		UK	6285	Y	62570		07/06/1966	R&D	08/01/1900	0	1	Full time	Female	5	1500	Advert	1373		1253	6817	JH231980H	0		9571	1877	6.2		6.2		500		01/03/1996		0	03/01/2008			4.79	81803	3377	68855			40	138845		Maya.Giles@test.com	Maya Giles	Developer	
Research Level 3	6		3		62.02	Birmingham	54	GBP		UK	5506	Y	61298		31/08/1950	R&D	07/01/1900	0	1	Full time	Male	4	1000	Advert	1396		1253	6526	GE594955D	0		9286	1226	7.2		7.2		500		25/09/1994		0	05/01/2008			4.79	78316	2226	66804			40	138845		Hayden.Davies@test.com	Hayden Davies	Developer	
Research Level 3	4		1		41.32	Birmingham	4	GBP		UK	5148	Y	58606		08/05/1971	R&D	08/01/1900	0	1	Full time	Male	4	1000	Agency	1419		1253	6232	BA889645A	0		8862	1172	8.8		6.6		10350		08/03/2004		0	01/06/2007			5.39	74788	2172	63754			40	138845		Robert.Vice@test.com	Robert Vice	Developer	
Research Level 1	0		0		60.41	Birmingham	#VALUE!	GBP		UK	0	Y	30355		10/04/1952	R&D	07/01/1900	0	1	Full time	Female	2	750	Agency	1442		1253	2994	DA150365C	0		4219	607	8		6		10200		15/12/1990		0	18/12/2010			1.84	35932	1357	30355			40	138845		Naomi.Leonard@test.com	Naomi Leonard	Developer	
Programme Manager	2		1		45.84	Birmingham	2	GBP		UK	24422	Y	118651	7.9	01/11/1966	R&D	08/01/1900	15000	1	Full time	Male	7	1000	Internal	1240		1235	15491	GF355561A	1000		19887	5933	9.1		6.825		0		20/08/1991		0	19/08/2011	No	6.77	1.17	170892	7933	143073			40	138845		Rich.Wheaton@test.com	Rich Wheaton	Developer	
Project Manager	5		1		64.01	Birmingham	5	GBP		UK	12463	N	79927	5.6	04/09/1948	R&D	06/01/1900	18000	1	Full time	Male	6	1500	Advert	1258	24/11/2009	1240	10769	DC15958A	500		12842	3996	4.5		5.456	Career Development	500		20/08/1991		0	30/12/2007	No	7.23	1.9	111229	5996	92390			40	138845		Harvey.Stokes@test.com	Harvey Stokes	Developer	
Research Level 4	6		2		43.53	Birmingham	24	GBP		UK	8364	Y	66727		23/02/1969	R&D	07/01/1900	0	1	Full time	Male	5	2000	Agency	1281		1258	7461	HJ315701G	0		10438	2002	5.3		5.3		4800		14/07/1994		0	29/12/2007			4.81	89530	4002	75091			40	138845		Hayden.Gough@test.com	Hayden Gough	Developer	
Research Level 3	5		2		62.96	Birmingham	20	GBP		UK	5429	Y	60715		24/09/1949	R&D	06/01/1900	0	1	Full time	Female	4	1500	Agency	1304		1258	6504	AG518620A	0		9194	1214	4.3		5.375		6600		13/05/2006		0	12/02/2011			1.68	78052	2714	66144			40	138845		Sheila.Etter@test.com	Sheila Etter	Developer	
Research Level 1	5		1		37.96	Birmingham	5	GBP		UK	0	Y	31729		17/09/1974	R&D	07/01/1900	0	1	Full time	Male	2	750	Internal	1327		1258	3127	CJ852768H	0		4410	635	5.7		5.7		0	0	05/08/1998		0	11/11/2011			0.94	37524	1385	31729			40	138845		Peter.Rios@test.com	Peter Rios	Developer	
Research Level 4	10		6		63	Birmingham	360	GBP	5500	UK	5138	N	60276		08/09/1949	R&D	07/01/1900	0	1	Full time	Male	5	2000	Internal	1355	19/10/2010	1258	6526	IC737592C	0		9093	1808	3.6		3.6	Redundancy	0		03/04/2006		0	12/09/2010			0.1	78315	3808	65414			40	138845		Nicholas.Baxter@test.com	Nicholas Baxter	Developer	
HR Manager	9		5		36.32	Head Office	225	GBP		UK	11091	Y	74576	4.9	06/05/1976	HR	07/01/1900	0	1	Full time	Male	5	2500	Internal	29		26	8464	CF936728E	0		11908	1492	5		3.75		0	0	18/12/2002		0	08/10/2010	Yes	6.73	2.03	101567	3992	85667			40	138739		Thomas.Richard@test.com	Thomas Richard	Developer	
HR Assistant	6		3		52.78	Head Office	54	GBP		UK	0	Y	52681		27/11/1959	HR	06/01/1900	0	1	Full time	Male	2	2000	Advert	38		29	5167	EC570141G	0		7323	0	4.6		5.75		500		04/06/1997		0	10/01/2009			3.77	62004	2000	52681			40	138739		Dane.Hill@test.com	Dane Hill	Developer	
HR Assistant	0	Flu	0	Sickness	55.16	Head Office	#VALUE!	GBP		UK	0	N	46832		08/07/1957	HR	05/01/1900	0	1	Full time	Female	2	2500	Agency	39	14/03/2010	29	4653	HA868898I	0		6510	0	8.8		8.8	Career Development	6150		16/08/2000		0	03/03/2011			3.03	55842	2500	46832			40	138739		Zoe.Francis@test.com	Zoe Francis	Developer	
HR Assistant	0		0		52.85	Head Office	#VALUE!	GBP		UK	0	Y	45550		01/11/1959	HR	06/01/1900	0	0.8	Part time	Male	2	1000	Agency	40		29	4407	HB935440H	0		6332	0	5.8		7.25		8250		11/09/1997		0	16/11/2009			2.92	52882	1000	45550			25	138739		Daniel.Moody@test.com	Daniel Moody	Developer	
HR Assistant	0		0		58.7	Head Office	#VALUE!	GBP		UK	0	Y	45311		25/12/1953	HR	08/01/1900	0	1	Full time	Female	2	750	Agency	41		29	4363	IH637109E	0		6298	0	6.7		5.605		7800		27/08/1991		0	16/10/2009			6.01	52359	750	45311			40	138739		Tasha.Allred@test.com	Tasha Allred	Developer	
Head of Recruitment	10		8		36.64	Head Office	640	GBP		UK	37494	Y	82134	5.6	13/01/1976	HR	07/01/1900	1800	1	Full time	Male	6	1000	Agency	42		26	11725	AE883512E	0		16628	1643	4.8		6		10650		07/09/2005		0	04/10/2008	Yes	7.028	4.04	138898	2643	119628			40	138739		Daniel.McGee@test.com	Daniel McGee	Developer	
Recruitment resource	10		5		57.05	Head Office	250	GBP		UK	45734	Y	47334		20/08/1955	HR	05/01/1900	0	1	Full time	Male	3	2000	Advert	43		42	9000	BE91658I	0		12936	0	4		5		500		29/04/2003		0	24/02/2012			0.65	108005	2000	93068			40	138739		Noah.Nash@test.com	Noah Nash	Developer	
Recruitment resource	5		1		32.66	Head Office	5	GBP		UK	15219	Y	28262		03/01/1980	HR	07/01/1900	0	1	Full time	Male	3	750	Advert	44		42	4189	DD649211G	0		6044	0	6		4.5		500		22/06/2010		0	24/07/2008			4.24	50274	750	43480			40	138739		Zachary.Matthews@test.com	Zachary Matthews	Developer	
Recruitment resource	6		4		29.82	Head Office	96	GBP		UK	44442	Y	46526		06/11/1982	HR	07/01/1900	0	1	Full time	Male	3	500	Advert	45		42	8676	IJ277889E	0		12645	0	8.3		10		500		04/02/2010		0	23/09/2008			4.07	104113	500	90968			40	138739		Johnny.Gomez@test.com	Johnny Gomez	Developer	
Recruitment resource	5		3		30.33	Head Office	45	GBP		UK	29244	Y	37028		04/05/1982	OrgVue R&D	07/01/1900	0	1	Full time	Male	3	2000	Advert	46		42	6457	AC950104G	0		9212	0	5.8		7.25		500		07/09/2010		0	21/01/2008			4.75	77484	2000	66272			40	138739		Scott.Knowles@test.com	Scott Knowles	Developer	
Secretary	0	Other	0	Sickness	56.73	Head Office	#VALUE!	GBP	5000	UK	0	N	32000		14/12/1955	OrgVue R&D	06/01/1900	0	1	Full time	Male	2	750	Advert	54	13/02/2011	42	3100	FC924399B	0		4448	0	6.3		4.725	Redundancy	500		09/08/1998		0	22/02/2007			3.98	37198	750	32000			40	138739		Bill.Ha@test.com	Bill Ha	Developer	
Head of Admin	5		3		34.13	Head Office	45	GBP		UK	0	Y	47000	6.5	17/07/1978	OrgVue Sale	06/01/1900	1800	1	Full time	Male	4	1000	Advert	47		26	4773	IB796296H	0		6533	940	6		7.5		500		18/02/2002		0	29/10/2007	No	7.6075	4.98	55473	1940	47000			40	138739		Mohammed.Sanderson@test.com	Mohammed Sanderson	Developer	
Admin Assistant	3	Asthma	1	Sickness	29.98	Head Office	3	GBP		UK	0	Y	23000		06/09/1982	OrgVue Product Team	07/01/1900	0	1	Full time	Male	2	2500	Agency	48		47	2391	HG17105I	0		3197	0	7		5.25		3450		17/05/2009		0	29/06/2012			0.3	28697	2500	23000			40	138739		Harvey.Morris@test.com	Harvey Morris	Developer	
Admin Assistant	6		2		28.25	Head Office	24	GBP		UK	0	Y	23000		31/05/1984	OrgVue Product Team	06/01/1900	0	1	Full time	Female	2	750	Agency	49		47	2246	BB477153E	0		3197	0	3.5		3.15		3450		08/06/2005		0	02/03/2008			4.63	26947	750	23000			40	138739		Donna.Lawrence@test.com	Donna Lawrence	Developer	
Admin Assistant	0		0		52.7	Head Office	#VALUE!	GBP		UK	0	Y	23000		24/12/1959	OrgVue Product Team	08/01/1900	0	1	Full time	Male	2	1500	Agency	50		47	2308	BC214780B	0		3197	0	7.2		9		3450		25/07/2005		0	04/04/2009			3.54	27697	1500	23000			40	138739		Bailey.Johnson@test.com	Bailey Johnson	Developer	
Secretary	6		3		55.54	Head Office	54	GBP		UK	0	Y	35000		20/02/1957	OrgVue FrontEnd	07/01/1900	0	0.8	Part time	Male	2	1500	Internal	57		47	3447	CH145435B	0		4865	0	6		7.5		0	0	20/03/1995		0	18/09/2008			4.08	41365	1500	35000			25	138739		Mohammad.Lamb@test.com	Mohammad Lamb	Developer	
Secretary	0		0		57.5	Head Office	#VALUE!	GBP		UK	0	Y	34000		10/03/1955	OrgVue FrontEnd	07/01/1900	0	1	Full time	Male	2	2500	Agency	51		26	3436	DH911504H	0		4726	0	7		7		5100		03/05/2003		0	06/05/2011			1.45	41226	2500	34000			40	138739		Bryan.Korn@test.com	Bryan Korn	Developer	
QA	0		0		57.5	Head Office	#VALUE!	GBP		UK	0	Y	34000		10/03/1955	OrgVue FrontEnd	07/01/1900	0	1	Full time	Male	2	2500	Agency	555		26	3436	DH911504H	0		4726	0	7		7		5100		03/05/2003		0	06/05/2011			1.45	41226	2500	34000			40	138739		mahamed.ali@concentra.co.uk	Mahamed Ali	QA	
QA	0		0		57.5	Head Office	#VALUE!	GBP		UK	0	Y	34000		10/03/1955	OrgVue FrontEnd	07/01/1900	0	1	Full time	Male	2	2500	Agency	555		26	3436	DH911504H	0		4726	0	7		7		5100		03/05/2003		0	06/05/2011			1.45	41226	2500	34000			40	138739		mahamed.ali@orgvue.com	Mahamed Ali2	QA	
